MH746253,A
MH746259,A
AY371145,A
GU201516,A
EU743963,A
AY371143,A
AY371165,A
KP718918,A
KP718921,A
KP718922,A
KP718928,A
AF286237,A
FJ388892,A
FJ388893,A
FJ388894,A
FJ388903,A
FJ388906,A
FJ388909,A
FJ388925,A
FJ388932,A
FJ388938,A
FJ388942,A
FJ388943,A
FJ388946,A
FJ388950,A
FJ388951,A
JF683737,A
JF683767,A
JF683779,A
JF683780,A
JF683783,A
AF286238,A
AM000053,A
AM000054,A
AM000055,A
AB231894,A
KR067668,A
KT152843,A
KT152844,A
KT152845,A
KT152846,A
EF589039,A
EF589040,A
EF589044,A
AF539405,A
AF004885,A
AF457063,A
AF457075,A
AF457052,A
AF457053,A
AF457055,A
AF457066,A
AF457069,A
AF457077,A
AF457079,A
AF457080,A
AF457081,A
AF457083,A
AF457084,A
AF457086,A
MH330347,A
MH330348,A
MH330349,A
MH330350,A
MH330351,A
MH330352,A
MH330353,A
MH330354,A
MH330355,A
MH330356,A
MG902950,A
MG902951,A
MH330337,A
MH330338,A
MH330339,A
MH330340,A
MH330341,A
MH330342,A
MH330343,A
MH330344,A
MH330345,A
MH330346,A
MK984159,A
AB253421,A
AB253422,A
AB287376,A
AB287377,A
AB287378,A
AB287379,A
AY713406,A
KP223729,A
KP223730,A
KP223731,A
KP223732,A
AY521630,A
AY521632,A
AY521633,A
AY521629,A
AY521631,A
MF373124,A
AF069671,A
AF069670,A
AF107771,A
AF069673,A
MF373150,A
MF373167,A
MF373168,A
MF373181,A
MF373182,A
AF361873,A
AY253305,A
AY253314,A
M62320,A
U51190,A
AB098332,A
AB098333,A
AB253428,A
AB253429,A
AY713407,A
AF484507,A
AF484508,A
AF484509,A
AF484512,A
AF484493,A
AF413987,A
DQ823356,A
DQ823360,A
DQ823365,A
DQ823366,A
DQ823367,A
AY829205,A
AY829206,A
AY829208,A
AY829209,A
AY829210,A
AY829212,A
AY037268,B
AY037282,B
AY037269,B
DQ383748,B
DQ383749,B
AF042100,B
AF042101,B
AF042102,B
AF042106,B
AF538305,B
AF538306,B
AF538307,B
AF042104,B
AF042105,B
AF538302,B
AF538303,B
DQ676877,B
AY818644,B
MW881652,B
MW881659,B
MW881660,B
MW881661,B
MW881665,B
MW881724,B
MW881725,B
MW881726,B
MW881741,B
MW881742,B
MW881743,B
MW881745,B
MW881746,B
MW881747,B
MW881748,B
MW881751,B
MW881752,B
MW881754,B
MW881755,B
MW881757,B
MW881758,B
MW881759,B
MW881760,B
MW881761,B
MW881762,B
MW881763,B
MW881764,B
MW881765,B
MW881766,B
MW881768,B
MW881769,B
MW881770,B
MZ041281,B
MZ041282,B
MZ041306,B
MZ041307,B
MZ041340,B
MZ041341,B
MZ041343,B
MZ041348,B
MZ041349,B
MZ041351,B
MZ041352,B
MZ041354,B
MZ041355,B
MZ041358,B
MZ041359,B
MZ041362,B
MZ041363,B
MZ041364,B
MZ041366,B
MZ041367,B
MZ041368,B
MZ041369,B
MZ041370,B
MZ041371,B
MZ041383,B
MZ041391,B
MZ041446,B
MZ041464,B
MZ041494,B
MZ041517,B
MZ041636,B
MZ041638,B
MZ041647,B
MZ041279,B
MZ041280,B
MZ041291,B
MZ041308,B
MZ041318,B
MZ041322,B
MZ041328,B
MZ041329,B
MZ041335,B
MZ041337,B
MZ041342,B
MZ041344,B
MZ041345,B
MZ041346,B
MZ041347,B
MZ041353,B
MZ041356,B
MZ041357,B
MZ041360,B
MZ041361,B
MZ041381,B
MZ041385,B
MZ041392,B
MZ041397,B
MZ041399,B
MZ041410,B
MZ041412,B
MZ041419,B
MZ041421,B
MZ041424,B
MZ041437,B
MZ041438,B
MZ041439,B
MZ041442,B
MZ041444,B
MZ041445,B
MZ041448,B
MZ041468,B
MZ041477,B
MZ041482,B
MZ041483,B
MZ041499,B
MZ041513,B
MZ041525,B
MN449474,B
MN449475,B
MN449476,B
MW881670,B
MW881676,B
MW881735,B
AY037270,B
AB485641,B
AB485642,B
DQ358805,B
DQ358808,B
DQ358809,B
DQ358810,B
JN692432,B
JN692433,B
JN692435,B
JN692436,B
JN692439,B
JN692440,B
JN692443,B
JN692444,B
JN692470,B
EF637046,B
EF637047,B
EF637048,B
EF637049,B
EF637050,B
EF637051,B
EF637053,B
EF637054,B
EF637056,B
EF637057,B
JN692445,B
JN692446,B
JN692447,B
FJ195086,B
FJ195090,B
JN692450,B
JN692451,B
JN692452,B
JN692453,B
JN692454,B
JN692455,B
JN692457,B
JN692458,B
FJ195088,B
FJ195089,B
FJ195091,B
JN692460,B
JN692461,B
JN692462,B
JN692463,B
JN692464,B
JN692465,B
JN692466,B
JN692467,B
JN692468,B
JN692469,B
JN692471,B
JN692472,B
JN692473,B
JN692474,B
JN692475,B
JN692476,B
JN692479,B
JN692480,B
KJ849784,B
KJ849807,B
KJ849808,B
KJ849811,B
KJ849814,B
KT427650,B
KT427671,B
KT427673,B
KT427675,B
KT427682,B
KT427688,B
KT427692,B
KT427700,B
KT427703,B
KT427717,B
KT427720,B
KT427724,B
KT427733,B
KT427740,B
KT427741,B
KT427745,B
KT427756,B
KT427757,B
KT427761,B
KT427764,B
KT427769,B
KT427784,B
KT427785,B
KT427786,B
KT427792,B
KT427796,B
KT427799,B
KT427803,B
KT427811,B
KT427826,B
KT427829,B
KT427830,B
KT427831,B
KT427870,B
KT427873,B
MG571987,B
MK041551,B
MK041584,B
MK041586,B
MH746261,B
MH746264,B
MH746265,B
MH746266,B
AY779559,B
AY779561,B
AY779562,B
AY779560,B
AY779563,B
AY779564,B
AY779553,B
AY779550,B
AY779554,B
AY779555,B
AY779557,B
AY779551,B
AY779558,B
AY779552,B
MW881680,B
MW881681,B
MW881686,B
MW881690,B
MW881692,B
MW881708,B
MW881709,B
MW881710,B
MW881711,B
MW881713,B
MW881716,B
MW881717,B
MW881718,B
MW881719,B
MW881720,B
MW881721,B
MW881722,B
MW881723,B
MZ662740,B
MZ662755,B
MZ662564,B
MZ662565,B
MZ662573,B
MZ662575,B
MZ662578,B
MZ662579,B
MZ662580,B
MZ662581,B
MZ662582,B
MZ662583,B
MZ662584,B
MZ662585,B
MZ662586,B
MZ662587,B
MZ662588,B
MZ662589,B
MZ662590,B
MZ662591,B
MZ662592,B
MZ662593,B
MZ662594,B
MZ662595,B
MZ662596,B
MZ662597,B
MZ662599,B
MZ662600,B
MZ662601,B
MZ662602,B
MZ662603,B
MZ662604,B
MZ662605,B
MZ662606,B
MZ662607,B
MZ662608,B
MZ662609,B
MZ662610,B
MZ662611,B
MZ662612,B
MZ662613,B
MZ662617,B
MZ662618,B
MZ662619,B
MZ662620,B
MZ662622,B
MZ662625,B
MZ662626,B
MZ662627,B
MZ662629,B
MZ662630,B
MZ662631,B
MZ662632,B
MZ662633,B
MZ662634,B
MZ662635,B
MZ662636,B
MZ662637,B
MZ662638,B
MZ662640,B
MZ662641,B
MZ662642,B
MZ662643,B
MZ662644,B
MZ662645,B
MZ662646,B
MZ662647,B
MZ662649,B
MZ662651,B
MZ662652,B
MZ662653,B
MZ662654,B
MZ662655,B
MZ662667,B
MZ662673,B
MZ662674,B
MZ662675,B
MZ662676,B
MZ662679,B
MZ662680,B
MZ662691,B
MZ662695,B
MZ662715,B
MW881697,B
MW881698,B
MW881699,B
MW881700,B
MW881701,B
MW881703,B
MW881704,B
MW881705,B
MW881706,B
MW881707,B
GU177863,B
GU647196,B
GU647197,B
GU647198,B
AY180905,B
EF057102,B
DQ007901,B
DQ007902,B
DQ007903,B
DQ990880,B
KF859773,B
MH431788,B
MK850457,B
AY561237,B
AY561239,B
FJ388890,B
FJ388891,B
FJ388895,B
FJ388896,B
FJ388898,B
FJ388899,B
FJ388904,B
FJ388905,B
FJ388910,B
FJ388911,B
FJ388912,B
FJ388914,B
FJ388915,B
FJ388916,B
FJ388918,B
FJ388919,B
FJ388920,B
FJ388923,B
FJ388924,B
FJ388927,B
FJ388930,B
FJ388931,B
FJ388933,B
FJ388934,B
FJ388935,B
FJ388936,B
FJ388937,B
FJ388939,B
FJ388940,B
FJ388941,B
FJ388956,B
FJ388957,B
FJ388958,B
FJ388959,B
FJ388960,B
FJ388962,B
FJ388963,B
FJ388964,B
FJ388965,B
FJ403482,B
FJ388947,B
FJ388949,B
FJ388954,B
FJ388955,B
JF683736,B
JF683746,B
JF683765,B
JF683791,B
JF683797,B
JF683804,B
JF683805,B
JF683807,B
JF683808,B
JF683809,B
EF514704,B
EF514701,B
FJ694790,B
K02083,B
MH843935,B
D86068,B
D86069,B
AF070521,B
U26942,B
AF003887,B
AF003888,B
MH479275,B
DQ207943,B
DQ207942,B
U43141,B
U43096,B
MT191115,B
MT191116,B
MT191117,B
MT191118,B
MT191119,B
MT191120,B
MW063053,B
MW063054,B
MW063055,B
MW063056,B
MW063057,B
MW063058,B
MW063059,B
MW063060,B
MW063061,B
MW063062,B
MW063063,B
MW063064,B
MW063065,B
MW063066,B
MW063067,B
MW063068,B
MW063069,B
MK115602,B
MK115612,B
MK115615,B
MK115622,B
MK115633,B
MK115637,B
MK115652,B
MK115653,B
MK115654,B
MK115660,B
MK115663,B
MK115664,B
MK115675,B
MK115683,B
MK115691,B
MK115871,B
MK115872,B
MK115879,B
MK115880,B
MK115884,B
MK115886,B
MK115887,B
MK115889,B
MK115892,B
MK115894,B
MK115896,B
MK115899,B
MK115903,B
MK115907,B
MK115912,B
MK115917,B
MK115918,B
MK115919,B
MK115922,B
MK115923,B
MK115925,B
MK115928,B
MK115934,B
MK115935,B
MK115937,B
MK115938,B
MK115946,B
MK115948,B
MK115952,B
MK115954,B
MK115955,B
MK115956,B
MK115957,B
MK115959,B
MK115961,B
MK115962,B
MK115963,B
MK115964,B
MK115965,B
MK115966,B
MK115970,B
MK115973,B
MK115974,B
MK115975,B
MK115977,B
MK115978,B
MK115982,B
MK115983,B
MK115985,B
MK115989,B
MK115990,B
MK115992,B
MK115994,B
MK115996,B
MK115997,B
MK115999,B
MK116000,B
MK116001,B
MK116002,B
MK116004,B
MK116007,B
MK116009,B
MK116011,B
MK116012,B
MK116013,B
MK116014,B
MK116016,B
MK116019,B
MK116021,B
MK116022,B
MK116023,B
MK116024,B
MK116028,B
MK116030,B
MK116032,B
MK116034,B
MK116036,B
MK116037,B
MK116040,B
MK116041,B
MK116042,B
MK116046,B
MK116047,B
MK116049,B
MK116052,B
MK116053,B
MK116054,B
MK116055,B
MK116057,B
MK116058,B
MK116059,B
MK116060,B
MK116061,B
MK116062,B
MK116063,B
MK116064,B
MK116066,B
MK116067,B
MK116068,B
MK116070,B
MK116071,B
MK116072,B
MK116073,B
MK116074,B
MK116075,B
MK116076,B
MK116077,B
MK116078,B
MK116079,B
MK116082,B
MK116085,B
MK116086,B
MK116087,B
MK116088,B
MK116090,B
MK116091,B
MK116093,B
MK116095,B
MK116098,B
MK116099,B
MK116103,B
MK116106,B
MK116107,B
MK116112,B
MK116116,B
MK116120,B
MK116122,B
MK116123,B
MK116125,B
MK116127,B
MK116129,B
MK116132,B
MK116134,B
MK116135,B
MK116138,B
MK116145,B
MK116148,B
MK116149,B
MK116150,B
MK116160,B
MK116161,B
MK116167,B
MK116172,B
MK116174,B
MK116177,B
MK116180,B
MK116181,B
MK116188,B
MK116190,B
MK116191,B
MK116194,B
MK116200,B
MK116209,B
MK116210,B
MK116212,B
MK116214,B
MK116216,B
MK116220,B
MK116223,B
MT190625,B
MT190626,B
MT190627,B
MT190628,B
MT190629,B
MT190641,B
MW061817,B
MW061869,B
MW061975,B
MW061992,B
MW062023,B
MW062053,B
MW062069,B
MW062070,B
MW062084,B
MW062088,B
MW062156,B
MW062160,B
MW062185,B
MN090734,B
MN090735,B
MN090736,B
MN090737,B
MN090738,B
MN090739,B
MN090740,B
MN090742,B
MN090743,B
MN090744,B
MN090745,B
MN090746,B
MN090747,B
MN090748,B
MN090749,B
MN090750,B
MN090751,B
MN090752,B
MN090753,B
MN090754,B
MN090755,B
MN090756,B
MN090757,B
MN090758,B
MN090759,B
MN090760,B
MN090761,B
MN090762,B
MN090763,B
MN090764,B
MN090765,B
MN090766,B
MN090767,B
MN090768,B
MN090769,B
MN090770,B
MN090771,B
MN090772,B
MN090774,B
MN090775,B
MN090776,B
MN090777,B
MN090778,B
MN090780,B
MN090781,B
MN090782,B
MN090783,B
MN090784,B
MN090786,B
MN090788,B
MN090789,B
MN090790,B
MN090791,B
MN090792,B
MN090794,B
MN090795,B
MN090796,B
MN090797,B
MN090799,B
MN090802,B
MN090803,B
MN090804,B
MN090805,B
MN090806,B
MN090807,B
MN090808,B
MN090809,B
MN090811,B
MN090812,B
MN090813,B
MN090814,B
MN090815,B
MN090816,B
MN090817,B
MN090818,B
MN090819,B
MN090820,B
MN090821,B
MN090822,B
MN090823,B
MN090825,B
MN090826,B
MN090829,B
MN090831,B
MN090832,B
MN090833,B
MN090834,B
MN090835,B
MN090836,B
MN090837,B
MN090838,B
MN090839,B
MN090841,B
MN090842,B
MN090843,B
MN090844,B
MN090845,B
MN090846,B
MN090847,B
MN090848,B
MN090849,B
MN090850,B
MN090851,B
MN090852,B
MN090854,B
MN090855,B
MN090856,B
MN090857,B
MN090858,B
MN090860,B
MN090861,B
MN090863,B
MN090865,B
MN090866,B
MN090867,B
MN090869,B
MN090870,B
MN090871,B
MN090872,B
MN090873,B
MN090874,B
MN090875,B
MN090876,B
MN090877,B
MN090880,B
MN090881,B
MN090882,B
MN090883,B
MN090885,B
MN090886,B
MN090887,B
MN090888,B
MN090889,B
MN090890,B
MN090892,B
MN090895,B
MN090896,B
MN090898,B
MN090900,B
MN090901,B
MN090904,B
MN090906,B
MN090909,B
MN090910,B
MN090912,B
MN090913,B
MN090914,B
MN090915,B
MN090917,B
MN090918,B
MN090919,B
MN090920,B
MN090921,B
MN090922,B
MN090923,B
MN090924,B
MN090925,B
MN090931,B
MN090932,B
MN090933,B
MN090934,B
MN090935,B
MN090936,B
MN090937,B
MN090938,B
MN090940,B
MN090941,B
MN090942,B
AB547464,B
MK303348,B
MK303349,B
MK303350,B
MK303351,B
MK303353,B
MK303354,B
MK303355,B
AB480698,B
AB287369,B
AB287370,B
AB287371,B
AB287372,B
AB289587,B
AB289588,B
AB289589,B
AB289590,B
AB221125,B
AB221126,B
AB286955,B
AB286956,B
AB480692,B
AB480693,B
AB480694,B
AB480695,B
AB480696,B
AB480697,B
AB287363,B
AB287364,B
AB287365,B
AB287366,B
AB287367,B
AB287368,B
AB731663,B
AB731664,B
AB731665,B
AB731666,B
AB731667,B
AB731668,B
AB731669,B
AB731670,B
MG760379,B
DQ366659,B
DQ366660,B
DQ366661,B
DQ366662,B
DQ366666,B
GQ277610,B
EF495062,B
EU031914,B
GQ175882,B
GQ175883,B
AB097867,B
AB097870,B
AB097865,B
U34603,B
U34604,B
MH666158,B
JN251901,B
MN887108,B
MN887109,B
MN887110,B
KJ948656,B
KJ948660,B
MN043576,B
MN043577,B
KF561442,B
MT559066,B
MN043579,B
MN043584,B
MN043585,B
MN043587,B
MN043589,B
MN043591,B
MN043596,B
MN043597,B
MN043598,B
MN043599,B
MN043604,B
MN237643,B
MN237644,B
MT101871,B
MT877453,B
MZ359150,B
KJ140246,B
KJ140247,B
KJ140248,B
KJ140251,B
KJ140252,B
KJ140255,B
KJ140257,B
KJ140258,B
KJ140259,B
KJ140261,B
KJ140266,B
MK577480,B
KJ140245,B
MK577481,B
MT559044,B
MT559046,B
MN043580,B
MN043581,B
MN043583,B
MN043592,B
MN043593,B
MN043594,B
MN043595,B
MN237642,B
MN237645,B
MN237646,B
MT877454,B
KF561443,B
KJ140262,B
KU869610,B
MK577479,B
KJ140253,B
MK577478,B
MT559045,B
MT224126,B
MT877450,B
MT877451,B
MT679553,B
AF224507,B
MW405327,B
MW405328,B
MT877449,B
MN043590,B
MN043601,B
MN043603,B
MN043607,B
KJ140254,B
KJ140264,B
KJ140265,B
MT582420,B
JQ316127,B
JQ316128,B
JQ316131,B
JQ316132,B
JQ316135,B
MN043600,B
MN043606,B
MT679552,B
DQ295192,B
DQ295195,B
JQ316126,B
JQ316130,B
JQ316133,B
AY839827,B
MT679550,B
MT679551,B
DQ837381,B
JQ316134,B
JQ341411,B
MN043605,B
MW405325,B
MW405330,B
KJ140263,B
MT559061,B
MW405331,B
MW405332,B
MW405324,B
MW405333,B
KF561440,B
KF561441,B
MT224127,B
MT582423,B
MW405329,B
MK871374,B
MT877455,B
MW405326,B
MW405334,B
MW405335,B
MW405336,B
MW405337,B
MG461319,B
MG461320,B
MG461321,B
MG461322,B
MT559054,B
MT559055,B
MT582424,B
MT877452,B
MT559050,B
MT559051,B
MT559052,B
MT559053,B
MT559056,B
MT559057,B
MT559058,B
MT559059,B
MT559060,B
MT559062,B
MT559063,B
MT559064,B
MT559065,B
MT582422,B
MT559048,B
MT559049,B
OK514771,B
OL446078,B
AF256205,B
AF256206,B
AF256207,B
AF256211,B
DQ854714,B
DQ854715,B
DQ854716,B
AF256204,B
AF256208,B
AF256209,B
AF256210,B
AJ006287,B
GQ386774,B
GQ386775,B
GQ386776,B
GQ386777,B
GQ386778,B
GQ386779,B
GQ386780,B
GQ386781,B
GQ386782,B
GQ386783,B
GQ386784,B
GQ386785,B
GQ386786,B
GQ386787,B
GQ386788,B
GQ386789,B
GQ386790,B
GQ386791,B
GQ386792,B
GQ386793,B
GQ386794,B
GQ386795,B
KT200351,B
KT200350,B
KT200349,B
KT200354,B
KT200358,B
KT200352,B
KT200353,B
KT200355,B
KT200356,B
KT200357,B
KT200348,B
MN055643,B
MF373125,B
MF373127,B
MF373129,B
MF373130,B
MF373140,B
MF373142,B
MF373144,B
MF373149,B
MF373151,B
MF373161,B
MF373162,B
MF373174,B
MF373185,B
MF373186,B
MF373191,B
MF373201,B
MF373203,B
MF373204,B
DQ230842,B
AY713408,B
DQ354113,B
DQ354120,B
DQ354121,B
AF530576,B
AY358042,B
AY945711,B
DQ354123,B
AY945710,B
AY945733,B
AY945734,B
AY358071,B
AF529573,B
AY358069,B
AY358070,B
AY358072,B
KJ769147,B
JN860762,B
JN860765,B
DQ823362,B
DQ823363,B
DQ823364,B
D10112,B
AJ271445,B
AY835759,B
AY835748,B
AY835754,B
AY835770,B
AY835777,B
AY835781,B
AY352275,B
AY835762,B
AY835765,B
AY835779,B
MN887608,B
MN887609,B
MN887611,B
MN887612,B
MN887613,B
MN887614,B
MN887615,B
MN887616,B
MN887619,B
MN887621,B
MN887622,B
U69584,B
U69585,B
U69586,B
U69587,B
U69588,B
AB221005,B
AB253432,B
AY835755,B
AY835769,B
AY713409,B
AF004394,B
AY835749,B
AY835756,B
AY835757,B
AY835771,B
AY835774,B
AY835775,B
AY835778,B
AY835780,B
U63632,B
AY835758,B
AY835760,B
L02317,B
AF286365,B
AY835763,B
AY835750,B
AY835766,B
U39362,B
U21135,B
AY173952,B
AY173953,B
U69589,B
U69590,B
U69591,B
U69592,B
U69593,B
AY835751,B
FJ496158,B
FJ496160,B
FJ496161,B
FJ496163,B
FJ496164,B
AF069140,B
AY835761,B
AB485638,B
AB485639,B
AB485640,B
FJ496146,B
FJ496147,B
FJ496148,B
FJ496149,B
FJ496150,B
JN944928,B
JN944945,B
AY835764,B
AY835752,B
AY835767,B
AY835776,B
AY835773,B
AY713410,B
AY835768,B
KU678161,B
KU678162,B
KU678163,B
KU678164,B
KU678165,B
KU678167,B
KU678168,B
KU678169,B
KU678170,B
KU678171,B
KU678172,B
KU678173,B
KU678174,B
KU678177,B
KU678179,B
AY835753,B
AY835772,B
AY560107,B
AY560108,B
AY560109,B
AY560110,B
AY444812,B
EF363122,B
EF363123,B
FJ496167,B
FJ496168,B
FJ496170,B
FJ496171,B
FJ496175,B
FJ496176,B
FJ496180,B
FJ496181,B
FJ496182,B
FJ496184,B
JN944917,B
JN944930,B
JN944938,B
JN944944,B
JN944946,B
JN944948,B
FJ496155,B
FJ496156,B
FJ496157,B
FJ469738,B
JN944911,B
JN944936,B
JN944943,B
JN944947,B
KU678191,B
KU678192,B
MK383406,B
MK383410,B
MK383414,B
MK383417,B
MK383424,B
MK383427,B
MK383432,B
MK383433,B
MK383435,B
MK383438,B
MK383448,B
MK383451,B
MK383557,B
MK383558,B
MK383567,B
MK383585,B
MK383589,B
MK383819,B
MK383857,B
MK384157,B
MK384169,B
MK384797,B
MK384836,B
MK384840,B
FJ496076,B
FJ496077,B
FJ496079,B
FJ469687,B
FJ469688,B
FJ469693,B
FJ469728,B
FJ469730,B
FJ469734,B
FJ469735,B
FJ469737,B
FJ469741,B
FJ469748,B
FJ469749,B
FJ469754,B
FJ469757,B
FJ469758,B
FJ469760,B
FJ469762,B
FJ469686,B
FJ469701,B
FJ469731,B
FJ469739,B
FJ469740,B
FJ469742,B
FJ469743,B
FJ469753,B
FJ469755,B
FJ469759,B
FJ469764,B
FJ469765,B
FJ469770,B
EF363124,B
EF363125,B
EF363126,B
EF363127,B
EU547186,B
FJ469684,B
FJ469695,B
FJ469697,B
FJ469698,B
FJ469722,B
FJ469732,B
FJ469733,B
FJ469745,B
FJ469772,B
DQ886037,B
FJ496081,B
FJ496084,B
FJ496085,B
KF990605,B
KF990606,B
KF990607,B
FJ469682,B
FJ469683,B
FJ469703,B
FJ469706,B
FJ469717,B
FJ469718,B
FJ469724,B
FJ469746,B
FJ469747,B
JF689852,B
JF689857,B
JF689859,B
JF689860,B
MK383403,B
MK383408,B
MK383409,B
MK383412,B
MK383415,B
MK383419,B
MK383420,B
MK383425,B
MK383430,B
MK383441,B
MK383443,B
MK383446,B
MK383447,B
MK383450,B
MK383452,B
MK383464,B
MK383470,B
MK383485,B
MK383486,B
MK383488,B
MK383491,B
MK383492,B
MK383493,B
MK383494,B
MK383497,B
MK383498,B
MK383502,B
MK383503,B
MK383505,B
MK383506,B
MK383509,B
MK383511,B
MK383512,B
MK383513,B
MK383514,B
MK383515,B
MK383517,B
MK383519,B
MK383520,B
MK383522,B
MK383523,B
MK383524,B
MK383525,B
MK383528,B
MK383529,B
MK383530,B
MK383531,B
MK383532,B
MK383533,B
MK383534,B
MK383536,B
MK383537,B
MK383538,B
MK383539,B
MK383541,B
MK383542,B
MK383543,B
MK383545,B
MK383547,B
MK383548,B
MK383549,B
MK383550,B
MK383551,B
MK383552,B
MK383559,B
MK383565,B
MK383574,B
MK383607,B
MK383608,B
MK383609,B
MK383610,B
MK383611,B
MK383612,B
MK383614,B
MK383615,B
MK383616,B
MK383620,B
MK383621,B
MK383622,B
MK383623,B
MK383624,B
MK383625,B
MK383626,B
MK383628,B
MK383629,B
MK383630,B
MK383631,B
MK383632,B
MK383633,B
MK383955,B
MK384081,B
MK384168,B
MK384543,B
MK384583,B
MK384653,B
MK384720,B
MK385223,B
MK385247,B
MK385262,B
FJ495818,B
FJ495822,B
FJ495823,B
FJ495824,B
FJ495825,B
FJ495937,B
FJ495939,B
FJ495941,B
FJ495942,B
FJ496000,B
FJ496001,B
FJ496002,B
FJ496003,B
FJ496004,B
FJ496005,B
FJ496006,B
KF990608,B
FJ469691,B
FJ469696,B
FJ469700,B
FJ469708,B
FJ469709,B
FJ469710,B
FJ469714,B
FJ469723,B
JF689862,B
JF689865,B
JF689867,B
JF689872,B
JN944897,B
JN944905,B
JN944907,B
JN944909,B
JN944939,B
JN944940,B
JN944941,B
JN944942,B
FJ469689,B
FJ469707,B
FJ469713,B
FJ469716,B
FJ469721,B
JF689877,B
JF689883,B
JF689886,B
JF689890,B
MK383385,B
MK383389,B
MK383390,B
MK383392,B
MK383399,B
MK383418,B
MK383421,B
MK383429,B
MK383444,B
MK383453,B
MK383454,B
MK383462,B
MK383465,B
MK383466,B
MK383467,B
MK383468,B
MK383469,B
MK383473,B
MK383474,B
MK383475,B
MK383477,B
MK383478,B
MK383481,B
MK383482,B
MK383484,B
MK383490,B
MK383546,B
MK383553,B
MK383554,B
MK383560,B
MK383561,B
MK383562,B
MK383563,B
MK383564,B
MK383566,B
MK383568,B
MK383569,B
MK383570,B
MK383571,B
MK383572,B
MK383575,B
MK383576,B
MK383578,B
MK383579,B
MK383580,B
MK383581,B
MK383583,B
MK383584,B
MK383594,B
MK383595,B
MK383597,B
MK383599,B
MK383600,B
MK383634,B
MK383635,B
MK383637,B
MK383638,B
MK383639,B
MK383642,B
MK383643,B
MK383644,B
MK383645,B
MK383646,B
MK383647,B
MK383648,B
MK383649,B
MK383650,B
MK383651,B
MK383652,B
MK383653,B
MK383654,B
MK383656,B
MK383657,B
MK383658,B
MK383659,B
MK383660,B
MK383662,B
MK383663,B
MK383668,B
MK383674,B
MK383677,B
MK383749,B
MK383759,B
MK383883,B
MK384224,B
MK384429,B
MK384870,B
MK384930,B
MK385056,B
MK385082,B
MK385264,B
MK385402,B
JF689895,B
MK383397,B
MK383504,B
MK383526,B
MK383613,B
MK383619,B
MK383665,B
MK383670,B
MK383676,B
MK383678,B
MK383679,B
MK383682,B
MK384398,B
MK385196,B
GU733713,B
GU733714,B
GU733715,B
GU733717,B
MK383393,B
MK383396,B
MK383401,B
MK383555,B
MK383577,B
MK383582,B
MK383587,B
MK383590,B
MK383605,B
MK383617,B
MK383655,B
MK383666,B
MK383685,B
MK383919,B
MK384033,B
MK384046,B
MK384667,B
MK385061,B
MK385238,B
KF526120,B
KF526122,B
KF526123,B
KF526141,B
KF526145,B
KU677989,B
KU677990,B
KU677991,B
KU677992,B
KU677993,B
KU677994,B
KU677995,B
KU677996,B
KU677997,B
KU677998,B
KU677999,B
KU678000,B
KU678069,B
KU678070,B
KU678071,B
KU678074,B
KU678075,B
KU678076,B
KU678080,B
MK383384,B
MK383386,B
MK383395,B
MK383398,B
MK383404,B
MK383407,B
MK383416,B
MK383423,B
MK383428,B
MK383439,B
MK383442,B
MK383449,B
MK383455,B
MK383458,B
MK383459,B
MK383460,B
MK383461,B
MK383479,B
MK383535,B
MK383573,B
MK383627,B
MK383669,B
MK383721,B
MK383738,B
MK383747,B
MK383777,B
MK383815,B
MK383910,B
MK384078,B
MK384095,B
MK384161,B
MK384287,B
MK384297,B
MK384379,B
MK384400,B
MK384532,B
MK384829,B
MK384850,B
MK384866,B
MK385101,B
MK385503,B
KU641402,B
MN692145,B
MN692146,B
MN692147,B
JN397362,B
KF384798,B
KF384799,B
KF384800,B
KF384801,B
KF384802,B
KF384803,B
KF384804,B
KF384805,B
KF384806,B
KF384807,B
KF384808,B
KF384809,B
KF384810,B
KF384811,B
KF384812,B
KF384813,B
KF384814,B
KF526174,B
KF526175,B
KF526176,B
KF526177,B
KF526178,B
KF526179,B
KF526181,B
KF526192,B
KF526201,B
KF526202,B
KF526203,B
KF526204,B
KF526228,B
KF526231,B
KF526236,B
KF526245,B
KF526254,B
KF526255,B
KF526261,B
KF526265,B
KF526270,B
KF526276,B
KF526279,B
KF526280,B
KF526287,B
KF526298,B
KF526312,B
KF526318,B
KF526323,B
MK383387,B
MK383388,B
MK383391,B
MK383402,B
MK383405,B
MK383456,B
MK383463,B
MK383592,B
MK383593,B
MK383636,B
MK383667,B
MK383673,B
MK383675,B
MK383683,B
MK383684,B
MK383744,B
MK383780,B
MK383967,B
MK384055,B
MK384292,B
MK384607,B
MK384637,B
MK384778,B
MK384915,B
MK384961,B
MK385126,B
MK385157,B
MK385254,B
MK385305,B
MK385379,B
MK385416,B
MK385494,B
MK385530,B
MK385576,B
MZ080781,B
MZ080802,B
MZ080807,B
MZ080812,B
MZ080813,B
MZ080815,B
MH897911,B
MH897912,B
MH897915,B
MH897917,B
MZ080880,B
MZ080968,B
MZ080970,B
KY778473,B
KY778474,B
KY778479,B
KY778482,B
KY778487,B
KY778496,B
KY778502,B
KY778510,B
KY778511,B
KY778514,B
KY778516,B
KY778517,B
KY778529,B
KY778545,B
KY778548,B
KY778593,B
KY778611,B
KY778615,B
KY778616,B
KY778638,B
KY778650,B
MK383400,B
MK383413,B
MK383487,B
MK383671,B
MK383720,B
MK383782,B
MK384132,B
MK385355,B
MK385514,B
MZ080879,B
KT284371,B
KT284372,B
KT284373,B
KT284374,B
KT284375,B
KT284376,B
KT284377,B
KT284378,B
MG171201,B
MG171203,B
MG171204,B
MG171205,B
MG171206,B
MH897918,B
MZ080640,B
MZ080651,B
MZ080662,B
MZ080663,B
MZ080664,B
MZ080665,B
MZ080666,B
MZ080667,B
MZ080670,B
MZ080676,B
MZ080677,B
MZ080684,B
MZ080693,B
MZ080695,B
MZ080697,B
MZ080701,B
MZ080720,B
MZ080738,B
MZ080747,B
MZ080751,B
MZ080753,B
KX505583,B
KX505589,B
KX505609,B
KX505616,B
KX505652,B
KX505686,B
KY766150,B
KY766151,B
KY766152,B
KY766155,B
KY766157,B
KY766158,B
KY766159,B
KY766160,B
KY766161,B
KY766162,B
KY766163,B
KY766164,B
KY766165,B
KY766166,B
KY766167,B
KY766168,B
KY766169,B
KY766170,B
KY766172,B
KY766173,B
KY766174,B
KY766175,B
KY766177,B
KY766178,B
KY766179,B
KY766180,B
KY766181,B
KY766182,B
KY766183,B
KY766195,B
KY766207,B
KY766210,B
KY778345,B
KY778348,B
KY778351,B
KY778390,B
KY778392,B
KY778394,B
KY778395,B
KY778396,B
KY778398,B
KY778401,B
KY778402,B
KY778403,B
KY778404,B
KY778406,B
KY778407,B
KY778409,B
KY778414,B
KY778416,B
KY778418,B
KY778420,B
KY778422,B
KY778424,B
KY778429,B
KY778436,B
KY778437,B
KY778439,B
MH843742,B
MH843743,B
MH843746,B
MH843747,B
MH843753,B
MH843754,B
MH843759,B
MH843761,B
MH843762,B
MH843763,B
MH843764,B
MH843765,B
MH843766,B
MH843767,B
MH843768,B
MH843769,B
MH843770,B
MH843771,B
MH843772,B
MH843773,B
MH843774,B
MH843775,B
MH843776,B
MH843778,B
MH843779,B
MH843780,B
MH843781,B
MH843782,B
MH843783,B
MH843784,B
MH843785,B
MH843786,B
MH843787,B
MH843788,B
MH843791,B
MH843792,B
MH843793,B
MH843851,B
MH843857,B
MH843860,B
MH843879,B
MH843883,B
MH843885,B
MH843886,B
MH843887,B
MH843890,B
MH843891,B
MH843894,B
MH843895,B
MH843896,B
MH843898,B
MH843901,B
MH843902,B
MH843904,B
MH843905,B
MH843906,B
MH843907,B
MH843910,B
MH843912,B
MH843914,B
MH843915,B
MH843916,B
MW754581,B
MW754619,B
MZ080715,B
MZ080742,B
MT744335,B
MT744336,B
MT744337,B
MT744338,B
MT744344,B
MT744345,B
MT744346,B
MT745568,B
MT745569,B
MT745570,B
MT745571,B
KU678025,B
KU678026,B
KU678027,B
KU678028,B
KU678029,B
KU678030,B
KU678031,B
KU678032,B
KU678033,B
KU678034,B
KU678035,B
KU678049,B
KU678050,B
KU678051,B
KU678052,B
KU678053,B
KU678054,B
KU678055,B
KU678056,B
KU678058,B
KU678059,B
KU678060,B
KU678061,B
KU678062,B
KU678125,B
KX505396,B
KX505475,B
KX505504,B
KX505505,B
KX505508,B
KX505739,B
KY778289,B
KY778291,B
KY778294,B
KY778298,B
KY778299,B
KY778303,B
KY778305,B
KY778306,B
KY778307,B
KY778308,B
MH843818,B
MH843819,B
MH843820,B
MK383411,B
MK383422,B
MK383426,B
MK383434,B
MK383436,B
MK383445,B
MK383457,B
MK383471,B
MK383472,B
MK383480,B
MK383489,B
MK383495,B
MK383501,B
MK383507,B
MK383556,B
MK383618,B
MK383681,B
MK383686,B
MK383698,B
MK383827,B
MK383835,B
MK384038,B
MK384124,B
MK384242,B
MK384261,B
MK384265,B
MK384268,B
MK384277,B
MK384278,B
MK384280,B
MK384302,B
MK384311,B
MK384344,B
MK384361,B
MK384372,B
MK384390,B
MK384493,B
MK385192,B
MK385439,B
MK385504,B
MK385515,B
MH897920,B
MW063084,B
MW063085,B
MT744340,B
MT744356,B
MT745572,B
MT745573,B
MT745575,B
MT745576,B
MT745577,B
KX505446,B
KX505448,B
KX505450,B
KX505453,B
KX505457,B
KX505552,B
KX505555,B
MK383431,B
MK383476,B
MK383483,B
MK383496,B
MK383516,B
MK383518,B
MK383521,B
MK383527,B
MK383544,B
MK383588,B
MK383640,B
MK383641,B
MK383661,B
MK383664,B
MK383672,B
MK383758,B
MK383879,B
MK384358,B
MK384434,B
MK384456,B
MK384501,B
MK384541,B
MK384654,B
MK384656,B
MK384674,B
MK384685,B
MK384704,B
MK384728,B
MK384763,B
MK384963,B
MK385179,B
MK385283,B
MK385331,B
MK385366,B
MK385500,B
MN692189,B
MW062426,B
MW062436,B
MW062456,B
MW062477,B
MW062495,B
MW062508,B
MW062520,B
MW062521,B
MW062533,B
MG171202,B
MN691961,B
MT190776,B
MT190777,B
MT190778,B
MT190779,B
MT190780,B
MT190781,B
MT190782,B
MT190783,B
MT190784,B
MT190785,B
MT190786,B
MT190787,B
MT190788,B
MT190789,B
MT190790,B
MT190791,B
MT190792,B
MT190793,B
MT190794,B
MT190795,B
MT190796,B
MT190797,B
MT190798,B
MT190799,B
MT190800,B
MT190801,B
MT190802,B
MT190803,B
MT190804,B
MT190805,B
MT190806,B
MT190807,B
MT190808,B
MT190809,B
MT190810,B
MT190811,B
MT190812,B
MT190813,B
MT190814,B
MT190815,B
MT190816,B
MT190817,B
MT190818,B
MT190819,B
MT190820,B
MT190821,B
MT190822,B
MT190823,B
MT190824,B
MT190825,B
MT190826,B
MT190827,B
MT190828,B
MT190829,B
MT190830,B
MT190831,B
MT190832,B
MT190833,B
MT190834,B
MT190835,B
MT190836,B
MT190837,B
MT190838,B
MT190839,B
MT190840,B
MT190841,B
MT190842,B
MT190843,B
MT190844,B
MT190845,B
MT190846,B
MT190847,B
MT190848,B
MT190849,B
MT190850,B
MT190851,B
MT190852,B
MT190853,B
MT190854,B
MT190855,B
MT190856,B
MT190857,B
MT190858,B
MT190859,B
MT190860,B
MT190861,B
MT190862,B
MT190863,B
MT190864,B
MT190865,B
MT190866,B
MT190867,B
MT190868,B
MT190869,B
MT190870,B
MT190871,B
MT190872,B
MT190873,B
MT190874,B
MT190875,B
MT190876,B
MT190877,B
MT190878,B
MT190879,B
MT190880,B
MT190881,B
MT190882,B
MT190883,B
MT190884,B
MT190885,B
MT190886,B
MT190887,B
MT190888,B
MT190889,B
MT190890,B
MT190891,B
MT190892,B
MT190893,B
MT190894,B
MT190895,B
MT190896,B
MT190897,B
MT190898,B
MT190899,B
MT190900,B
MT190901,B
MT190902,B
MT190903,B
MT190904,B
MT190905,B
MT190906,B
MT190907,B
MT190908,B
MT190909,B
MT190910,B
MT190911,B
MT190912,B
MT190913,B
MT190914,B
MT190915,B
MT190916,B
MT190917,B
MT190918,B
MT190919,B
MT190920,B
MT190921,B
MT190922,B
MT190923,B
MT190924,B
MT190925,B
MT190926,B
MT190927,B
MT190928,B
MT190929,B
MT190930,B
MT190931,B
MT190932,B
MT190933,B
MT190934,B
MT190935,B
MT190936,B
MT190937,B
MT190938,B
MT190939,B
MT190940,B
MT190941,B
MT190942,B
MT190943,B
MT190944,B
MT190945,B
MT190946,B
MT190947,B
MT190948,B
MT190949,B
MT190950,B
MT190951,B
MT190952,B
MT190953,B
MT190954,B
MT190955,B
MT190956,B
MT190957,B
MT190958,B
MT190959,B
MT190960,B
MT190961,B
MT190962,B
MT190963,B
MT190964,B
MT190965,B
MT190966,B
MT190967,B
MT190968,B
MT190969,B
MT190970,B
MT190971,B
MT190972,B
MT190973,B
MT190974,B
MT190975,B
MT190976,B
MT190977,B
MT190978,B
MT190979,B
MT190980,B
MT190981,B
MT190982,B
MT190983,B
MT190984,B
MT190985,B
MT190986,B
MT190987,B
MT190988,B
MT190989,B
MT190990,B
MT190991,B
MT190992,B
MT190993,B
MT190994,B
MT190995,B
MT190996,B
MT190997,B
MT190998,B
MT190999,B
MT191000,B
MT191001,B
MT191002,B
MT191003,B
MT191004,B
MT191005,B
MT191006,B
MT191007,B
MT191008,B
MT191009,B
MT191010,B
MT191011,B
MT191012,B
MT191013,B
MT191014,B
MT191015,B
MT191016,B
MT191017,B
MT191018,B
MT191019,B
MT191020,B
MT191021,B
MT191022,B
MT191023,B
MT191024,B
MT191025,B
MT191026,B
MT191027,B
MT191028,B
MT191029,B
MT191030,B
MT191031,B
MT191032,B
MT191033,B
MT191034,B
MT191035,B
MT191036,B
MT191037,B
MT191038,B
MT191039,B
MT191040,B
MT191041,B
MT191042,B
MT191043,B
MT191044,B
MT191045,B
MT191046,B
MT191047,B
MT191048,B
MT191049,B
MT191050,B
MT191051,B
MT191052,B
MT191053,B
MT191054,B
MT191055,B
MT191056,B
MT191057,B
MT191058,B
MT191059,B
MT191060,B
MT191061,B
MT191062,B
MT191063,B
MT191064,B
MT191065,B
MT191066,B
MT191067,B
MT191068,B
MT191069,B
MT191070,B
MT191071,B
MT191072,B
MT191073,B
MT191074,B
MT191075,B
MT191076,B
MT191077,B
MT191078,B
MT191079,B
MT191080,B
MT191081,B
MT191082,B
MT191083,B
MT191084,B
MT191085,B
MT191086,B
MT191087,B
MT191088,B
MT191089,B
MT191090,B
MT191091,B
MT191092,B
MT191093,B
MT191094,B
MT191095,B
MT191096,B
MT191097,B
MT191098,B
MT191099,B
MT191100,B
MT191101,B
MT191102,B
MT191103,B
MT191104,B
MT191105,B
MT191106,B
MT191107,B
MT191108,B
MT191109,B
MT191110,B
MT191111,B
MT191112,B
MT191113,B
MT191114,B
MT191121,B
MT191122,B
MT191123,B
MT191124,B
MT191125,B
MT191126,B
MT191127,B
MT191128,B
MT191129,B
MT191130,B
MT191131,B
MT191132,B
MT191133,B
MT191134,B
MT191135,B
MT191136,B
MT191137,B
MT191138,B
MT191139,B
MT191140,B
MT191141,B
MT191142,B
MT191143,B
MT191144,B
MT191145,B
MT191146,B
MT191147,B
MT191148,B
MT191149,B
MT191150,B
MT191151,B
MT191152,B
MT191153,B
MT191154,B
MT191155,B
MT191156,B
MT191157,B
MT191158,B
MT191159,B
MT191160,B
MT191161,B
MT191162,B
MT191163,B
MT191164,B
MT191165,B
MT191166,B
MT191167,B
MT191168,B
MT191169,B
MT191170,B
MT191171,B
MT191172,B
MT191173,B
MT191174,B
MT191175,B
MT191176,B
MT191177,B
MT191178,B
MT191179,B
MT191180,B
MT191181,B
MT191182,B
MT191183,B
MT191184,B
MT191185,B
MT191186,B
MT191187,B
MT191188,B
MT191189,B
MT191190,B
MT191191,B
MT191192,B
MT191193,B
MT191194,B
MT191195,B
MT191196,B
MT191197,B
MT191198,B
MT191199,B
MT191200,B
MT191201,B
MT191202,B
MT191203,B
MT191204,B
MT191205,B
MT191206,B
MT191207,B
MT191208,B
MT191209,B
MT191210,B
MT191211,B
MT191212,B
MT191213,B
MT191214,B
MT191215,B
MT191216,B
MT191217,B
MT191218,B
MT191219,B
MT191220,B
MT191221,B
MT191222,B
MT191223,B
MT191224,B
MT191225,B
MW063025,B
MW063026,B
MW063027,B
MW063028,B
MW063029,B
MW063030,B
MW063031,B
MW063032,B
MW063033,B
MW063034,B
MW063035,B
MW063036,B
MW063037,B
MW063038,B
MW063039,B
MW063040,B
MW063041,B
MW063042,B
MW063043,B
MW063044,B
MW063045,B
MW063046,B
MW063047,B
MW063048,B
MW063049,B
MW063050,B
MW063051,B
MW063052,B
MW063086,B
MW063087,B
MW063088,B
MW063089,B
MW063090,B
MW063091,B
MW063092,B
MW063093,B
MZ922480,B
MZ922481,B
MZ922482,B
MZ922483,B
MZ922484,B
MZ922485,B
MZ922486,B
MZ922487,B
MZ922488,B
MZ922489,B
MZ922490,B
MZ922491,B
MZ922492,B
MZ922493,B
MZ922494,B
MZ922495,B
MZ922496,B
MZ922497,B
MZ922498,B
MZ922499,B
MZ922500,B
MZ922501,B
MZ922502,B
MZ922503,B
MZ922504,B
MZ922505,B
MZ922506,B
MZ922507,B
MZ922508,B
MZ922509,B
MZ922510,B
MZ922511,B
MZ922512,B
MZ922513,B
MZ922514,B
MZ922515,B
MZ922516,B
MZ922517,B
MZ922518,B
MZ922519,B
MZ922520,B
MZ922521,B
MZ922522,B
MZ922523,B
MZ922524,B
MZ922525,B
MZ922526,B
MZ922527,B
MZ922528,B
MZ922529,B
MZ922530,B
MZ922531,B
MZ922532,B
MZ922533,B
MZ922534,B
MZ922535,B
MZ922536,B
MZ922537,B
MZ922538,B
MZ922539,B
MZ922540,B
MZ922541,B
MZ922542,B
MZ922543,B
MZ922544,B
MZ922545,B
MZ922546,B
MZ922547,B
MZ922548,B
MZ922549,B
MZ922550,B
MZ922551,B
MZ922552,B
MZ922553,B
MZ922554,B
MZ922555,B
MZ922556,B
MZ922557,B
MZ922558,B
MZ922559,B
KX505536,B
MK114636,B
MK114642,B
MK114651,B
MK114652,B
MK114656,B
MK114657,B
MK114659,B
MK114661,B
MK114662,B
MK114664,B
MK114666,B
MK114671,B
MK114677,B
MK114678,B
MK114683,B
MK114684,B
MK114685,B
MK114686,B
MK114688,B
MK114690,B
MK114691,B
MK114693,B
MK114694,B
MK114696,B
MK114699,B
MK114702,B
MK114703,B
MK114704,B
MK114705,B
MK114706,B
MK114707,B
MK114712,B
MK114713,B
MK114716,B
MK114717,B
MK114719,B
MK114722,B
MK114723,B
MK114724,B
MK114725,B
MK114727,B
MK114728,B
MK114734,B
MK114735,B
MK114736,B
MK114738,B
MK114740,B
MK114742,B
MK114743,B
MK114745,B
MK114746,B
MK114747,B
MK114748,B
MK114749,B
MK114750,B
MK114751,B
MK114752,B
MK114753,B
MK114756,B
MK114757,B
MK114758,B
MK114761,B
MK114763,B
MK114766,B
MK114768,B
MK114769,B
MK114770,B
MK114771,B
MK114775,B
MK114776,B
MK114781,B
MK114783,B
MK114798,B
MK114800,B
MK114802,B
MK114806,B
MK114808,B
MK114814,B
MK114817,B
MK114825,B
MK114832,B
MK114833,B
MK114842,B
MK114847,B
MK114848,B
MK114849,B
MK114850,B
MK114862,B
MK114863,B
MK114867,B
MK114868,B
MK114869,B
MK114872,B
MK114873,B
MK114876,B
MK114877,B
MK114883,B
MK114886,B
MK114887,B
MK114888,B
MK114889,B
MK114890,B
MK114897,B
MK114902,B
MK114905,B
MK114911,B
MK114913,B
MK114915,B
MK114917,B
MK114919,B
MK114923,B
MK114925,B
MK114926,B
MK114927,B
MK114928,B
MK114933,B
MK114934,B
MK114939,B
MK114942,B
MK114947,B
MK114954,B
MK114957,B
MK114960,B
MK114968,B
MK114970,B
MK114971,B
MK114972,B
MK114973,B
MK114974,B
MK114975,B
MK114976,B
MK114981,B
MK114982,B
MK114983,B
MK114985,B
MK114990,B
MK114991,B
MK114993,B
MK114995,B
MK114996,B
MK114997,B
MK114998,B
MK115004,B
MK115006,B
MK115007,B
MK115010,B
MK115011,B
MK115016,B
MK115017,B
MK115019,B
MK115020,B
MK115021,B
MK115024,B
MK115025,B
MK115030,B
MK115032,B
MK115034,B
MK115041,B
MK115042,B
MK115043,B
MK115045,B
MK115047,B
MK115049,B
MK115051,B
MK115053,B
MK115056,B
MK115057,B
MK115058,B
MK115059,B
MK115060,B
MK115064,B
MK115065,B
MK115066,B
MK115067,B
MK115068,B
MK115069,B
MK115072,B
MK115073,B
MK115074,B
MK115078,B
MK115083,B
MK115088,B
MK115093,B
MK115094,B
MK115096,B
MK115098,B
MK115100,B
MK115101,B
MK115103,B
MK115105,B
MK115106,B
MK115108,B
MK115109,B
MK115110,B
MK115112,B
MK115115,B
MK115116,B
MK115117,B
MK115118,B
MK115120,B
MK115121,B
MK115122,B
MK115123,B
MK115125,B
MK115127,B
MK115129,B
MK115131,B
MK115133,B
MK115134,B
MK115135,B
MK115137,B
MK115138,B
MK115139,B
MK115140,B
MK115141,B
MK115142,B
MK115145,B
MK115149,B
MK115150,B
MK115151,B
MK115153,B
MK115156,B
MK115157,B
MK115158,B
MK115159,B
MK115160,B
MK115162,B
MK115165,B
MK115166,B
MK115168,B
MK115170,B
MK115174,B
MK115176,B
MK115178,B
MK115184,B
MK115185,B
MK115188,B
MK115190,B
MK115191,B
MK115192,B
MK115195,B
MK115196,B
MK115197,B
MK115198,B
MK115199,B
MK115206,B
MK115208,B
MK115210,B
MK115211,B
MK115212,B
MK115216,B
MK115217,B
MK115218,B
MK115219,B
MK115220,B
MK115224,B
MK115227,B
MK115229,B
MK115230,B
MK115231,B
MK115232,B
MK115234,B
MK115236,B
MK115239,B
MK115240,B
MK115241,B
MK115242,B
MK115243,B
MK115244,B
MK115246,B
MK115247,B
MK115252,B
MK115253,B
MK115254,B
MK115255,B
MK115256,B
MK115258,B
MK115260,B
MK115263,B
MK115264,B
MK115265,B
MK115266,B
MK115268,B
MK115272,B
MK115275,B
MK115278,B
MK115280,B
MK115281,B
MK115284,B
MK115286,B
MK115290,B
MK115291,B
MK115292,B
MK115295,B
MK115296,B
MK115300,B
MK115301,B
MK115302,B
MK115303,B
MK115304,B
MK115305,B
MK115307,B
MK115309,B
MK115310,B
MK115311,B
MK115312,B
MK115314,B
MK115316,B
MK115317,B
MK115318,B
MK115319,B
MK115320,B
MK115322,B
MK115323,B
MK115324,B
MK115325,B
MK115327,B
MK115328,B
MK115329,B
MK115330,B
MK115331,B
MK115332,B
MK115334,B
MK115335,B
MK115336,B
MK115337,B
MK115338,B
MK115339,B
MK115340,B
MK115343,B
MK115356,B
MK115360,B
MK115363,B
MK115366,B
MK115367,B
MK115368,B
MK115376,B
MK115377,B
MK115381,B
MK115386,B
MK115387,B
MK115388,B
MK115389,B
MK115390,B
MK115393,B
MK115395,B
MK115397,B
MK115398,B
MK115399,B
MK115400,B
MK115401,B
MK115402,B
MK115403,B
MK115404,B
MK115405,B
MK115406,B
MK115408,B
MK115410,B
MK115411,B
MK115412,B
MK115414,B
MK115415,B
MK115416,B
MK115418,B
MK115419,B
MK115421,B
MK115422,B
MK115423,B
MK115425,B
MK115426,B
MK115427,B
MK115428,B
MK115429,B
MK115430,B
MK115431,B
MK115432,B
MK115433,B
MK115435,B
MK115436,B
MK115438,B
MK115439,B
MK115442,B
MK115443,B
MK115444,B
MK115446,B
MK115447,B
MK115448,B
MK115450,B
MK115452,B
MK115453,B
MK115454,B
MK115456,B
MK115458,B
MK115459,B
MK115462,B
MK115463,B
MK115465,B
MK115466,B
MK115467,B
MK115468,B
MK115469,B
MK115471,B
MK115472,B
MK115473,B
MK115475,B
MK115477,B
MK115478,B
MK115480,B
MK115481,B
MK115482,B
MK115483,B
MK115484,B
MK115485,B
MK115486,B
MK115487,B
MK115488,B
MK115489,B
MK115490,B
MK115491,B
MK115492,B
MK115495,B
MK115496,B
MK115497,B
MK115498,B
MK115500,B
MK115501,B
MK115502,B
MK115503,B
MK115504,B
MK115505,B
MK115506,B
MK115507,B
MK115508,B
MK115509,B
MK115510,B
MK115511,B
MK115513,B
MK115514,B
MK115515,B
MK115516,B
MK115517,B
MK115518,B
MK115519,B
MK115520,B
MK115521,B
MK115523,B
MK115524,B
MK115525,B
MK115526,B
MK115527,B
MK115528,B
MK115529,B
MK115530,B
MK115531,B
MK115532,B
MK115533,B
MK115534,B
MK115535,B
MK115536,B
MK115538,B
MK115539,B
MK115540,B
MK115542,B
MK115543,B
MK115544,B
MK115545,B
MK115546,B
MK115547,B
MK115548,B
MK115549,B
MK115550,B
MK115551,B
MK115552,B
MK115553,B
MK115554,B
MK115555,B
MK115556,B
MK115557,B
MK115558,B
MK115559,B
MK115560,B
MK115561,B
MK115562,B
MK115563,B
MK115564,B
MK115565,B
MK115566,B
MK115567,B
MK115568,B
MK115569,B
MK115570,B
MK115571,B
MK115573,B
MK115574,B
MK115575,B
MK115576,B
MK115577,B
MK115578,B
MK115579,B
MK115580,B
MK115581,B
MK115582,B
MK115583,B
MK115584,B
MK115585,B
MK115586,B
MK115587,B
MK115588,B
MK115589,B
MK115590,B
MK115592,B
MK115694,B
MK115695,B
MK115696,B
MK115697,B
MK115698,B
MK115700,B
MK115701,B
MK115702,B
MK115703,B
MK115704,B
MK115705,B
MK115706,B
MK115707,B
MK115708,B
MK115709,B
MK115710,B
MK115711,B
MK115712,B
MK115713,B
MK115714,B
MK115715,B
MK115717,B
MK115718,B
MK115719,B
MK115720,B
MK115721,B
MK115722,B
MK115723,B
MK115724,B
MK115725,B
MK115726,B
MK115727,B
MK115728,B
MK115729,B
MK115730,B
MK115731,B
MK115732,B
MK115733,B
MK115734,B
MK115735,B
MK115736,B
MK115737,B
MK115738,B
MK115739,B
MK115740,B
MK115741,B
MK115742,B
MK115743,B
MK115744,B
MK115745,B
MK115746,B
MK115747,B
MK115748,B
MK115749,B
MK115750,B
MK115751,B
MK115752,B
MK115753,B
MK115754,B
MK115755,B
MK115756,B
MK115757,B
MK115759,B
MK115760,B
MK115761,B
MK115762,B
MK115763,B
MK115764,B
MK115765,B
MK115766,B
MK115767,B
MK115768,B
MK115769,B
MK115770,B
MK115771,B
MK115772,B
MK115773,B
MK115775,B
MK115776,B
MK115777,B
MK115778,B
MK115779,B
MK115780,B
MK115781,B
MK115782,B
MK115783,B
MK115784,B
MK115785,B
MK115786,B
MK115787,B
MK115788,B
MK115789,B
MK115790,B
MK115792,B
MK115793,B
MK115794,B
MK115795,B
MK115796,B
MK115797,B
MK115799,B
MK115800,B
MK115801,B
MK115802,B
MK115803,B
MK115804,B
MK115805,B
MK115806,B
MK115807,B
MK115808,B
MK115809,B
MK115810,B
MK115811,B
MK115812,B
MK115813,B
MK115814,B
MK115815,B
MK115816,B
MK115817,B
MK115818,B
MK115819,B
MK115820,B
MK115821,B
MK115822,B
MK115823,B
MK115824,B
MK115825,B
MK115826,B
MK115827,B
MK115828,B
MK115829,B
MK115830,B
MK115831,B
MK115832,B
MK115833,B
MK115834,B
MK115835,B
MK115836,B
MK115838,B
MK115839,B
MK115840,B
MK115841,B
MK115842,B
MK115843,B
MK115844,B
MK115845,B
MK115846,B
MK115847,B
MK115848,B
MK115849,B
MK115850,B
MK115851,B
MK115852,B
MK115853,B
MK115854,B
MK115855,B
MK115856,B
MK115857,B
MK115858,B
MK115859,B
MK115860,B
MK115861,B
MK115862,B
MK115863,B
MK115864,B
MK115865,B
MK115866,B
MK115867,B
MK115868,B
MK115869,B
MN466965,B
MN466972,B
MN466977,B
MN466984,B
MN466985,B
MN466986,B
MN466989,B
MN466995,B
MN466997,B
MN467002,B
MN467011,B
MN467271,B
MN467328,B
MN467329,B
MN467336,B
MN467338,B
MN467383,B
MN467384,B
MN467385,B
MN467386,B
MN467387,B
MN467388,B
MN467389,B
MN467390,B
MN467391,B
MN467392,B
MN467393,B
MN467394,B
MN467395,B
MN467396,B
MN467397,B
MT189316,B
MT189317,B
MT189318,B
MT189319,B
MT189320,B
MT189321,B
MT189325,B
MT189331,B
MT189333,B
MT189334,B
MT189857,B
MT189859,B
MT189861,B
MT189869,B
MT189927,B
MT189965,B
MT190008,B
MT190009,B
MT190010,B
MT190011,B
MT190012,B
MT190013,B
MT190014,B
MT190015,B
MT190016,B
MT190017,B
MT190018,B
MT190019,B
MT190020,B
MT190021,B
MT190022,B
MT190023,B
MT190024,B
MT190025,B
MT190026,B
MT190027,B
MT190034,B
MT190035,B
MT190249,B
MT190250,B
MT190251,B
MT190259,B
MT190264,B
MT190269,B
MT190272,B
MT190281,B
MT190292,B
MT190297,B
MT190743,B
MT190752,B
MT190753,B
MT190754,B
MT190755,B
MT190756,B
MT190757,B
MT190759,B
MT190762,B
MW060055,B
MW060142,B
MW060151,B
MW060155,B
MW060185,B
MW060268,B
MW060270,B
MW060274,B
MW060275,B
MW060290,B
MW060294,B
MW060305,B
MW060312,B
MW060313,B
MW060321,B
MW060323,B
MW060339,B
MW060351,B
MW060371,B
MW060397,B
MW060445,B
MW060480,B
MW060486,B
MW060504,B
MW060515,B
MW060533,B
MW060535,B
MW060538,B
MW060564,B
MW060566,B
MW060573,B
MW060617,B
MW060622,B
MW060629,B
MW060639,B
MW060647,B
MW060650,B
MW060682,B
MW060701,B
MW060716,B
MW060720,B
MW060726,B
MW060733,B
MW060739,B
MW060750,B
MW060755,B
MW060761,B
MW060780,B
MW060789,B
MW060802,B
MW060804,B
MW060826,B
MW060829,B
MW060870,B
MW060874,B
MW060922,B
MW060948,B
MW060954,B
MW060966,B
MW061000,B
MW061035,B
MW061074,B
MW061077,B
MW061081,B
MW061082,B
MW061083,B
MW061105,B
MW061106,B
MW061107,B
MW061111,B
MW061113,B
MW061114,B
MW061115,B
MW061116,B
MW061117,B
MW061119,B
MW061121,B
MW061124,B
MW061128,B
MW061132,B
MW061151,B
MW061152,B
MW061155,B
MW061176,B
MW061179,B
MW061182,B
MW061185,B
MW061196,B
MW061198,B
MW061227,B
MW061235,B
MW061237,B
MW061241,B
MW061242,B
MW061246,B
MW061247,B
MW061248,B
MW061250,B
MW061251,B
MW061253,B
MW061274,B
MW061295,B
MW061332,B
MW061368,B
MW061372,B
MW061373,B
MW061374,B
MW061376,B
MW061377,B
MW061379,B
MW061380,B
MW061381,B
MW061383,B
MW061384,B
MW061385,B
MW061386,B
MW061387,B
MW061388,B
MW061389,B
MW061390,B
MW061391,B
MW061392,B
MW061393,B
MW061395,B
MW061396,B
MW061398,B
MW061400,B
MW061402,B
MW061403,B
MW061404,B
MW061405,B
MW061406,B
MW061407,B
MW061408,B
MW061409,B
MW061410,B
MW061411,B
MW061412,B
MW061414,B
MW061415,B
MW061416,B
MW061417,B
MW061418,B
MW061419,B
MW061420,B
MW061421,B
MW061422,B
MW061423,B
MW061424,B
MW061426,B
MW061427,B
MW061428,B
MW061429,B
MW061430,B
MW061431,B
MW061432,B
MW061433,B
MW061435,B
MW061437,B
MW061438,B
MW061439,B
MW061440,B
MW061441,B
MW061442,B
MW061445,B
MW061446,B
MW061447,B
MW061448,B
MW061449,B
MW061450,B
MW061451,B
MW061453,B
MW061455,B
MW061456,B
MW061457,B
MW061458,B
MW061459,B
MW061460,B
MW061461,B
MW061462,B
MW061464,B
MW061466,B
MW061467,B
MW061468,B
MW061469,B
MW061470,B
MW061471,B
MW061472,B
MW061474,B
MW061477,B
MW061478,B
MW061480,B
MW061481,B
MW061482,B
MW061485,B
MW061486,B
MW061487,B
MW061488,B
MW061489,B
MW061490,B
MW061491,B
MW061492,B
MW061493,B
MW061495,B
MW061496,B
MW061497,B
MW061498,B
MW061499,B
MW061500,B
MW061501,B
MW061502,B
MW061503,B
MW061504,B
MW061505,B
MW061506,B
MW061507,B
MW061509,B
MW061510,B
MW061511,B
MW061512,B
MW061513,B
MW061515,B
MW061516,B
MW061517,B
MW061518,B
MW061520,B
MW061521,B
MW061522,B
MW061523,B
MW061524,B
MW061525,B
MW061526,B
MW061528,B
MW061529,B
MW061531,B
MW061532,B
MW061533,B
MW061534,B
MW061535,B
MW061537,B
MW061538,B
MW061539,B
MW061540,B
MW061541,B
MW061542,B
MW061543,B
MW061545,B
MW061546,B
MW061548,B
MW061549,B
MW061550,B
MW061551,B
MW061552,B
MW061553,B
MW061554,B
MW061555,B
MW061560,B
MW061561,B
MW061562,B
MW061564,B
MW061565,B
MW061566,B
MW061567,B
MW061570,B
MW061571,B
MW061573,B
MW061574,B
MW061575,B
MW061576,B
MW061577,B
MW061579,B
MW061580,B
MW061581,B
MW061583,B
MW061584,B
MW061585,B
MW061587,B
MW061588,B
MW061590,B
MW061591,B
MW061592,B
MW061593,B
MW061594,B
MW061595,B
MW061596,B
MW061597,B
MW061598,B
MW061599,B
MW061600,B
MW061602,B
MW061603,B
MW061604,B
MW061605,B
MW061609,B
MW061612,B
MW061613,B
MW061614,B
MW061615,B
MW061617,B
MW061618,B
MW061619,B
MW061620,B
MW061621,B
MW061623,B
MW061625,B
MW061626,B
MW061627,B
MW061629,B
MW061630,B
MW061631,B
MW061635,B
MW061637,B
MW061638,B
MW061640,B
MW061641,B
MW061642,B
MW061643,B
MW061645,B
MW061646,B
MW061648,B
MW061650,B
MW061655,B
MW061656,B
MW061657,B
MW061668,B
MW061670,B
MW061672,B
MW061674,B
MW061675,B
MW061676,B
MW061677,B
MW061678,B
MW061682,B
MW061683,B
MW061685,B
MW061687,B
MW061688,B
MW061691,B
MW061692,B
MW061693,B
MW061697,B
MW061698,B
MW061699,B
MW061700,B
MW061702,B
MW061703,B
MW061707,B
MW061711,B
MW061716,B
MW061718,B
MW061720,B
MW061721,B
MW061725,B
MW061734,B
MW061735,B
MW061738,B
MW061742,B
MW061745,B
MW061747,B
MW061749,B
MW061751,B
MW061752,B
MW061754,B
MW061755,B
MW061757,B
MW061761,B
MW061766,B
MW061769,B
MW061772,B
MW061775,B
MW061777,B
MW061779,B
MW061780,B
MW061785,B
MW061786,B
MW061788,B
MW061789,B
MW061790,B
MW061793,B
MW061794,B
MW061797,B
MW062203,B
MW062600,B
MW062614,B
MW062641,B
MW062668,B
MZ922564,B
MZ922573,B
MZ922574,B
MZ922579,B
MZ922580,B
MZ922581,B
MZ922582,B
MZ922583,B
MZ922584,B
MZ922585,B
MZ922587,B
MZ922602,B
MZ922603,B
MZ922627,B
MZ922635,B
MZ922641,B
MZ922642,B
MZ922673,B
MZ922679,B
MZ922694,B
MZ922710,B
MZ922717,B
MZ922787,B
MZ922791,B
MZ922802,B
MZ922813,B
MZ922833,B
MZ922849,B
MZ922853,B
MZ922890,B
MZ922918,B
MZ922934,B
MZ922982,B
MW063094,B
MW063095,B
MW063096,B
MW063097,B
MW063098,B
MW063099,B
MW753234,B
MW753241,B
MW753667,B
MW753750,B
MW753762,B
MW753847,B
MW753853,B
MW753876,B
MW753881,B
MW753935,B
MW753942,B
MW753946,B
MW753948,B
MW753950,B
MW753952,B
MW754142,B
MW754182,B
MW754187,B
MW754193,B
MW754207,B
MW754212,B
MW754213,B
MW754222,B
MW754228,B
MW754233,B
MW754236,B
MW754250,B
MW754251,B
MW754261,B
MW754304,B
MW754307,B
MW754325,B
MW754335,B
MW754338,B
MW754340,B
MW754347,B
MW754352,B
MW754356,B
MW754363,B
MW754365,B
MW754370,B
MW754371,B
MW754373,B
MW754374,B
MW754375,B
MW754376,B
MW754377,B
MW754379,B
MW754380,B
MW754381,B
MW754382,B
MW754383,B
MW754384,B
MW754385,B
MW754386,B
MW754387,B
MW754388,B
MW754389,B
MW754390,B
MW754391,B
MW754392,B
MW754393,B
MW754394,B
MW754395,B
MW754399,B
MW754400,B
MW754401,B
MW754402,B
MW754405,B
MW754406,B
MW754407,B
MW754408,B
MW754409,B
MW754411,B
MW754412,B
MW754413,B
MW754414,B
MW754416,B
MW754422,B
MW754423,B
MW754427,B
MW754429,B
MW754432,B
MW754433,B
MW754444,B
MW754450,B
MW754453,B
MW754458,B
MW754459,B
MW754460,B
MW754461,B
MW754462,B
MW754465,B
MW754468,B
MW754472,B
MW754474,B
MW754475,B
MW754478,B
MW754480,B
MW754481,B
MW754484,B
MW754487,B
MW754488,B
MW754490,B
MW754491,B
MW062703,B
MW062729,B
MW062743,B
MW062848,B
MW062855,B
MW062859,B
MW062863,B
MW753604,B
MW753677,B
MW753702,B
MW753710,B
MW753727,B
MW753729,B
MW753730,B
MW753731,B
MW753732,B
MW753733,B
MW753734,B
MW753736,B
MW753737,B
MW753738,B
MW753739,B
MW753740,B
MW753741,B
MW753743,B
MW753744,B
MW753745,B
MW753746,B
MW753747,B
MW753748,B
MW753749,B
MW753751,B
MW753754,B
MW753755,B
MW753756,B
MW753757,B
MW753758,B
MW753759,B
MW753760,B
MW753761,B
MW753763,B
MW753764,B
MW753765,B
MW753766,B
MW753767,B
MW753768,B
MW753769,B
MW753770,B
MW753771,B
MW753772,B
MW753773,B
MW753774,B
MW753775,B
MW753776,B
MW753777,B
MW753778,B
MW753779,B
MW753780,B
MW753781,B
MW753782,B
MW753783,B
MW753784,B
MW753785,B
MW753786,B
MW753787,B
MW753788,B
MW753789,B
MW753790,B
MW753791,B
MW753792,B
MW753793,B
MW753794,B
MW753795,B
MW753796,B
MW753797,B
MW753798,B
MW753799,B
MW753800,B
MW753801,B
MW753802,B
MW753803,B
MW753804,B
MW753805,B
MW753806,B
MW753807,B
MW753808,B
MW753809,B
MW753810,B
MW753811,B
MW753812,B
MW753813,B
MW753814,B
MW753815,B
MW753816,B
MW753817,B
MW753818,B
MW753819,B
MW753820,B
MW753821,B
MW753822,B
MW753823,B
MW753824,B
MW753825,B
MW753826,B
MW753827,B
MW753828,B
MW753829,B
MW753830,B
MW753831,B
MW753832,B
MW753833,B
MW753834,B
MW753835,B
MW753836,B
MW753837,B
MW753838,B
MW753839,B
MW753840,B
MW753841,B
MW753842,B
MW753843,B
MW753844,B
MW753845,B
MW753846,B
MW753849,B
MW753850,B
MW753851,B
MW753858,B
MW753860,B
MW753861,B
MW753862,B
MW753865,B
MW753873,B
MW753874,B
MW753877,B
MW753879,B
MW753880,B
MW753882,B
MW753883,B
MW753884,B
MW753886,B
MW753887,B
MW753888,B
MW753890,B
MW753891,B
MW753917,B
MW754071,B
MW754077,B
MW754083,B
MW754084,B
MW754086,B
MW754087,B
MW754088,B
MW754089,B
MW754090,B
MW754091,B
MW754092,B
MW754093,B
MW754097,B
MW754099,B
MW754106,B
MW754116,B
MW754177,B
MW754225,B
MW754237,B
MW754351,B
MW754398,B
MW754404,B
MW754415,B
MW754434,B
MW754435,B
MW754632,B
MW754685,B
MW754686,B
MW754688,B
MW754700,B
MN090188,B
MN090192,B
MN090193,B
MN090195,B
MN090197,B
MN090200,B
MN090203,B
MN090205,B
MN090207,B
MN090209,B
MN090215,B
MN090217,B
MN090218,B
MN090222,B
MN090224,B
MN090227,B
MN090231,B
MN090233,B
MN090234,B
MN090241,B
MN090242,B
MN090243,B
MN090245,B
MN090247,B
MN090252,B
MN090254,B
MN090255,B
MN090256,B
MN090257,B
MN090261,B
MN090262,B
MN090264,B
MN090265,B
MN090268,B
MN090269,B
MN090270,B
MN090271,B
MN090272,B
MN090274,B
MN090275,B
MN090276,B
MN090277,B
MN090279,B
MN090280,B
MN090281,B
MN090282,B
MN090287,B
MN090289,B
MN090290,B
MN090293,B
MN090295,B
MN090297,B
MN090298,B
MN090299,B
MN090300,B
MN090301,B
MN090306,B
MN090308,B
MN090309,B
MN090310,B
MN090313,B
MN090315,B
MN090316,B
MN090322,B
MN090324,B
MN090325,B
MN090326,B
MN090327,B
MN090329,B
MN090330,B
MN090332,B
MN090333,B
MN090334,B
MN090336,B
MN090337,B
MN090338,B
MN090340,B
MN090341,B
MN090343,B
MN090344,B
MN090345,B
MN090346,B
MN090347,B
MN090349,B
MN090350,B
MN090351,B
MN090352,B
MN090354,B
MN090356,B
MN090357,B
MN090358,B
MN090359,B
MN090361,B
MN090362,B
MN090364,B
MN090365,B
MN090366,B
MN090367,B
MN090368,B
MN090369,B
MN090370,B
MN090371,B
MN090372,B
MN090373,B
MN090374,B
MN090378,B
MN090379,B
MN090380,B
MN090381,B
MN090382,B
MN090384,B
MN090385,B
MN090386,B
MN090387,B
MN090388,B
MN090389,B
MN090390,B
MN090392,B
MN090393,B
MN090395,B
MN090396,B
MN090397,B
MN090400,B
MN090401,B
MN090402,B
MN090403,B
MN090404,B
MN090405,B
MN090407,B
MN090408,B
MN090409,B
MN090410,B
MN090411,B
MN090412,B
MN090415,B
MN090418,B
MN090419,B
MN090420,B
MN090421,B
MN090422,B
MN090424,B
MN090425,B
MN090426,B
MN090427,B
MN090428,B
MN090429,B
MN090430,B
MN090431,B
MN090432,B
MN090433,B
MN090434,B
MN090436,B
MN090438,B
MN090439,B
MN090440,B
MN090441,B
MN090442,B
MN090443,B
MN090444,B
MN090445,B
MN090446,B
MN090447,B
MN090448,B
MN090449,B
MN090450,B
MN090451,B
MN090452,B
MN090453,B
MN090454,B
MN090455,B
MN090456,B
MN090457,B
MN090458,B
MN090459,B
MN090460,B
MN090461,B
MN090462,B
MN090463,B
MN090464,B
MN090465,B
MN090466,B
MN090467,B
MN090468,B
MN090469,B
MN090470,B
MN090471,B
MN090472,B
MN090473,B
MN090474,B
MN090475,B
MN090476,B
MN090477,B
MN090478,B
MN090479,B
MN090480,B
MN090481,B
MN090482,B
MN090483,B
MN090484,B
MN090485,B
MN090486,B
MN090487,B
MN090488,B
MN090489,B
MN090490,B
MN090491,B
MN090492,B
MN090493,B
MN090494,B
MN090495,B
MN090496,B
MN090497,B
MN090498,B
MN090499,B
MN090500,B
MN090501,B
MN090502,B
MN090503,B
MN090504,B
MN090505,B
MN090506,B
MN090507,B
MN090508,B
MN090509,B
MN090510,B
MN090511,B
MN090512,B
MN090513,B
MN090514,B
MN090515,B
MN090516,B
MN090517,B
MN090518,B
MN090519,B
MN090520,B
MN090521,B
MN090522,B
MN090523,B
MN090524,B
MN090525,B
MN090526,B
MN090527,B
MN090528,B
MN090529,B
MN090530,B
MN090531,B
MN090532,B
MN090533,B
MN090534,B
MN090535,B
MN090536,B
MN090537,B
MN090538,B
MN090539,B
MN090540,B
MN090541,B
MN090542,B
MN090543,B
MN090544,B
MN090545,B
MN090546,B
MN090547,B
MN090548,B
MN090549,B
MN090550,B
MN090551,B
MN090552,B
MN090553,B
MN090554,B
MN090555,B
MN090556,B
MN090557,B
MN090558,B
MN090559,B
MN090560,B
MN090561,B
MN090562,B
MN090563,B
MN090564,B
MN090565,B
MN090566,B
MN090567,B
MN090568,B
MN090569,B
MN090570,B
MN090571,B
MN090572,B
MN090573,B
MN090574,B
MN090575,B
MN090576,B
MN090577,B
MN090578,B
MN090579,B
MN090580,B
MN090581,B
MN090582,B
MN090583,B
MN090584,B
MN090585,B
MN090586,B
MN090587,B
MN090588,B
MN090589,B
MN090590,B
MN090591,B
MN090592,B
MN090593,B
MN090594,B
MN090595,B
MN090596,B
MN090597,B
MN090598,B
MN090599,B
MN090600,B
MN090601,B
MN090602,B
MN090603,B
MN090604,B
MN090605,B
MN090606,B
MN090607,B
MN090608,B
MN090609,B
MN090610,B
MN090611,B
MN090612,B
MN090613,B
MN090614,B
MN090615,B
MN090616,B
MN090617,B
MN090618,B
MN090619,B
MN090620,B
MN090621,B
MN090622,B
MN090623,B
MN090624,B
MN090625,B
MN090626,B
MN090627,B
MN090628,B
MN090629,B
MN090630,B
MN090631,B
MN090632,B
MN090633,B
MN090634,B
MN090635,B
MN090636,B
MN090637,B
MN090638,B
MN090639,B
MN090640,B
MN090641,B
MN090642,B
MN090643,B
MN090644,B
MN090645,B
MN090646,B
MN090647,B
MN090648,B
MN090649,B
MN090650,B
MN090651,B
MN090652,B
MN090653,B
MN090654,B
MN090655,B
MN090656,B
MN090657,B
MN090658,B
MN090659,B
MN090660,B
MN090661,B
MN090662,B
MN090663,B
MN090664,B
MN090665,B
MN090666,B
MN090667,B
MN090668,B
MN090669,B
MN090670,B
MN090672,B
MN090673,B
MN090674,B
MN090675,B
MN090676,B
MN090677,B
MN090678,B
MN090679,B
MN090680,B
MN090681,B
MN090682,B
MN090683,B
MN090684,B
MN090685,B
MN090686,B
MN090687,B
MN090688,B
MN090689,B
MN090690,B
MN090691,B
MN090692,B
MN090693,B
MN090694,B
MN090695,B
MN090697,B
MN090698,B
MN090699,B
MN090700,B
MN090702,B
MN090703,B
MN090704,B
MN090705,B
MN090706,B
MN090707,B
MN090709,B
MN090710,B
MN090712,B
MN090713,B
MN090714,B
MN090715,B
MN090716,B
MN090717,B
MN090718,B
MN090719,B
MN090720,B
MN090721,B
MN090722,B
MN090723,B
MN090724,B
MN090725,B
MN090726,B
MN090727,B
MN090728,B
MN090729,B
MN090730,B
MN090731,B
MN090732,B
MN090733,B
MW062966,B
MW062967,B
MW062968,B
MW062969,B
MW062970,B
MW062971,B
MW062972,B
MW062992,B
MW062993,B
MW062994,B
MW062995,B
MW062996,B
MW062997,B
MW062998,B
MW062999,B
MW063006,B
MW063007,B
MW063008,B
MW063009,B
MW063010,B
MW063011,B
MW063012,B
MW063013,B
MW063014,B
MW063015,B
MW063016,B
MW063017,B
MW063018,B
MW063019,B
MW063020,B
MW063021,B
MW063022,B
MW063023,B
MW063024,B
MW063070,B
MW063071,B
MW063072,B
MW063073,B
MW063074,B
MW063075,B
MW063076,B
MW063077,B
MW063078,B
MW063079,B
MW063080,B
MW063081,B
MW063082,B
MW063083,B
MW063100,B
MW063101,B
MW063102,B
MW063103,B
MW063104,B
MW063105,B
MW063106,B
MW063107,B
MW063108,B
MW063109,B
MW063110,B
MK383499,B
MK383508,B
MK383510,B
MK383586,B
MK383601,B
MK383602,B
MK383603,B
MK383604,B
MK383606,B
MK384476,B
MK384559,B
MK384954,B
MK384972,B
MK384999,B
MK385106,B
MK385119,B
MK385135,B
MK385137,B
MK385150,B
MW059114,B
MW059144,B
MW059247,B
MW059267,B
MW059305,B
MW059318,B
MW059333,B
MW059336,B
MW059350,B
MW059365,B
MW059378,B
MW059443,B
MW059454,B
MW059462,B
MW059474,B
MW059480,B
MW059483,B
MW059484,B
MW059489,B
MW059499,B
MW059500,B
MW059514,B
MW059517,B
MW059522,B
MW059525,B
MW059528,B
MW059651,B
MW059683,B
MW059684,B
MW062261,B
MW062272,B
MW062276,B
MW062281,B
MW062294,B
MW062302,B
MW062307,B
MW062311,B
MW062316,B
MW062324,B
MW062327,B
MW062330,B
MW062342,B
MW062369,B
MW062374,B
MW062381,B
MW062390,B
MW062404,B
MW062405,B
MW062411,B
MW062419,B
MW062420,B
MW062421,B
MW062422,B
MW062887,B
MW062890,B
MW062892,B
MW062893,B
MW062894,B
MW062897,B
MW062898,B
MW062901,B
MW062902,B
MW062903,B
MW062908,B
MW062911,B
MW062920,B
MW062922,B
MW062923,B
MW062926,B
MW062927,B
MW062939,B
MW062961,B
MW062962,B
MW309889,B
JN235959,B
AY781127,B
JN235958,B
AY795904,B
AY795905,B
AF110959,C
AF110960,C
AF110961,C
AF110962,C
AF110963,C
AF110964,C
AF110965,C
AF110966,C
AF110967,C
AF110968,C
AF110969,C
AF110970,C
AF110971,C
AF110972,C
AF110973,C
AF110974,C
AF110975,C
AF110976,C
AF110977,C
AF110978,C
AF110980,C
AF110981,C
AF290027,C
AF290028,C
AF290029,C
AF290030,C
AF321523,C
AF443074,C
AF443075,C
AF443076,C
AF443077,C
AF443078,C
AF443079,C
AF443080,C
AF443081,C
AF443082,C
AF443083,C
AF443084,C
AF443085,C
AF443086,C
AF443087,C
AF443088,C
AF443089,C
AF443090,C
AF443091,C
AF443092,C
AF443093,C
AF443094,C
AF443095,C
AF443096,C
AF443097,C
AF443098,C
AF443099,C
AF443100,C
AF443101,C
AF443102,C
AF443103,C
AF443104,C
AF443105,C
AF443107,C
AF443108,C
AF443109,C
AF443110,C
AF443111,C
AF443112,C
AF443113,C
AF443114,C
AF443115,C
MK457775,C
MK457783,C
MK457788,C
MK457794,C
MK457795,C
MK457796,C
MK457797,C
MK457798,C
MK457800,C
MK457801,C
MK457802,C
MK457803,C
MK457804,C
MK457807,C
MK457808,C
MK457809,C
MK457811,C
MK457812,C
MK457813,C
MK457814,C
MK457816,C
MK457822,C
MK457823,C
MK457825,C
MK457832,C
MK457840,C
MK457849,C
MK457850,C
MK457859,C
MK457862,C
MK457873,C
MK457876,C
MK457884,C
MK457894,C
MK457899,C
MK457907,C
MK457910,C
MK457915,C
MK457929,C
MK457933,C
MK457935,C
MK457949,C
MK457958,C
MK457962,C
MK457968,C
MK457970,C
MK457971,C
MK457972,C
MK457974,C
MK457975,C
MK457976,C
MK457978,C
MK457979,C
MK457982,C
MK457985,C
MK457988,C
MK457989,C
MK457990,C
MK457991,C
MK457992,C
MK457993,C
MK457995,C
MK457998,C
MK457999,C
MK458000,C
MK458002,C
MK458005,C
MK458006,C
MK458007,C
MK458008,C
MK458009,C
MK458015,C
MK458018,C
MK458020,C
MK458022,C
MK458024,C
MK458025,C
MK458026,C
MK458031,C
MK458033,C
MK458040,C
MK458042,C
MK458048,C
MK458050,C
MK458051,C
MK458053,C
MK458054,C
MK458055,C
MK458056,C
MK458057,C
MK458058,C
MK458061,C
MK458064,C
MK458070,C
MK458071,C
MK458072,C
MK458073,C
MK458074,C
MK458075,C
MK458077,C
MK458078,C
MK458079,C
MK458080,C
MK458081,C
MK458082,C
MK458083,C
MK458084,C
MK458085,C
MK458086,C
MK458087,C
MK458088,C
MK458089,C
MK458090,C
MK458091,C
MK458092,C
MK458094,C
MK458095,C
MK458096,C
MK458098,C
MK458099,C
MK458100,C
MK458101,C
MK458102,C
MK458104,C
MK458106,C
MK458117,C
MK458118,C
MK458123,C
MK458125,C
MK458126,C
MK458129,C
MK458130,C
MK458136,C
MK458137,C
MK458140,C
MK458142,C
MK458151,C
MK458153,C
MK458154,C
MK458173,C
MK458181,C
MK458183,C
MK458184,C
MK458185,C
MK458191,C
MK458216,C
MK458252,C
MK458262,C
U52953,C
AF286228,C
JN692434,C
AY727523,C
AY727524,C
AY727525,C
KT427817,C
MK041550,C
MK041561,C
MK041563,C
MK041564,C
AY967806,C
MH909569,C
MH909570,C
MT624751,C
MK371104,C
FJ388901,C
FJ388913,C
FJ388948,C
FJ388952,C
FM877778,C
FM877783,C
U46016,C
AF067154,C
AF067157,C
AF067158,C
AF067159,C
AF286223,C
AY713414,C
AF067155,C
AF286231,C
AF286232,C
AY049708,C
AY049709,C
AY049710,C
AY049711,C
EF469243,C
AF286233,C
AY255823,C
AY255824,C
AY945738,C
AF457054,C
AY713413,C
AB097871,C
MK493076,C
MK493077,C
MK493078,C
JN188292,C
AF286227,C
AY118165,C
AY118166,C
AY162223,C
AY162224,C
AY162225,C
AY158533,C
AY158534,C
AY158535,C
AY043173,C
AY043176,C
AF411966,C
AF411967,C
AY228556,C
EU293444,C
EU293445,C
EU293447,C
EU293448,C
EU293449,C
EU293450,C
AY043174,C
AY043175,C
AY228557,C
DQ164106,C
GQ999975,C
GQ999972,C
GQ999976,C
GQ999979,C
GQ999980,C
GQ999981,C
GQ999983,C
GQ999985,C
GQ999986,C
GQ999989,C
GQ999991,C
MN611462,C
MN611463,C
MN611464,C
MN611466,C
MK643550,C
MK643551,C
MK643559,C
MK643564,C
MK643565,C
MK643577,C
MK643584,C
MK643585,C
MK643586,C
MK643588,C
MK643602,C
MK643604,C
MK643608,C
MK643610,C
MK643613,C
MK643614,C
MK643615,C
MK643616,C
MK643618,C
MK643620,C
MK643624,C
MK643629,C
MK643631,C
MK643632,C
MK643639,C
MK643641,C
MK643669,C
MK643671,C
MK643672,C
MK643674,C
MK643676,C
MK643677,C
MK643686,C
MK643687,C
MK643690,C
MK643692,C
MK643697,C
MK643698,C
MK643705,C
MK643707,C
MK643709,C
MK643713,C
MK643715,C
MK643718,C
MK643719,C
MK643729,C
MK643730,C
MK643732,C
MK643734,C
MK643736,C
MK643740,C
MK643743,C
MK643744,C
MK643746,C
MK643754,C
MK643756,C
MK643759,C
MK643760,C
MK643761,C
MK643764,C
MK643766,C
MK643771,C
MK643776,C
MK643779,C
MK643782,C
MK643783,C
MK643785,C
MK643787,C
MK643788,C
MK643791,C
MK643792,C
MK643794,C
MK643797,C
MK643802,C
MK643803,C
MN611467,C
MN611468,C
MK643538,C
MK643539,C
MK643540,C
MK643541,C
MK643542,C
MK643543,C
MK643544,C
MK643545,C
MK643547,C
MK643548,C
MK643549,C
MK643572,C
MK643573,C
MK643575,C
MK643581,C
MK643591,C
MK643600,C
MK643653,C
MK643655,C
MK643660,C
MK643661,C
MK643663,C
MK643664,C
MK643650,C
MF373126,C
MF373128,C
MF373131,C
MF373132,C
MF373133,C
MF373134,C
MF373135,C
MF373136,C
MF373137,C
MF373138,C
MF373139,C
MF373145,C
MF373146,C
MF373148,C
MF373152,C
MF373154,C
MF373156,C
MF373157,C
MF373158,C
MF373159,C
MF373164,C
MF373165,C
MF373166,C
MF373169,C
MF373170,C
MF373171,C
MF373175,C
MF373176,C
MF373177,C
MF373178,C
MF373179,C
MF373184,C
MF373187,C
MF373192,C
MF373193,C
MF373197,C
MF373198,C
MF373199,C
MF373202,C
AF361874,C
AF286234,C
AF286235,C
AY253303,C
AY253304,C
AY253307,C
AY253308,C
AY253310,C
AY253312,C
AY253313,C
AY253317,C
AY253320,C
AY253321,C
AY253322,C
AY734550,C
AY734551,C
AY734556,C
AY734558,C
AY734559,C
AY734560,C
AY444800,C
KF526207,C
KF526209,C
KF526210,C
KF526212,C
KF526213,C
KF526214,C
KF526216,C
KF526218,C
KF526225,C
KF526226,C
KF526227,C
AY563169,C
AY795906,C
AB485645,C
AB485646,C
AB485647,C
AF286224,C
AF286225,C
AB254141,C
AB254143,C
AB254144,C
AB254145,C
AB254146,C
AB254147,C
AB254148,C
AB254149,C
AB254152,C
AB254155,C
AB254156,C
FJ496186,C
FJ496188,C
FJ496189,C
FJ496193,C
FJ496194,C
FJ496195,C
FJ496198,C
FJ496200,C
FJ496201,C
FJ496202,C
FJ496210,C
FJ496212,C
FJ496213,C
FJ496214,C
MT194974,C
MT194305,C
MT194338,C
MT194343,C
MT194344,C
MT194782,C
MT194792,C
MT195378,C
MT195527,C
MT194468,C
MT194478,C
MT194481,C
MT194482,C
MT194483,C
MT194484,C
MT194485,C
KJ787683,D
KJ787684,D
AY371155,D
AY371156,D
AY371157,D
AJ488926,D
AJ488927,D
AJ519488,D
AJ519489,D
FJ388945,D
JF683766,D
M27323,D
K03454,D
U88822,D
AB231897,D
AB480044,D
AB480045,D
AB480046,D
AF457090,D
AB485648,D
AB485649,D
AY773338,D
AY773339,D
AY773340,D
AY773341,D
MW881610,D
MW405339,D
MW405340,D
MW405341,D
MW881609,D
MW405342,D
MF373180,D
AY253311,D
AB485650,D
AB485651,D
AJ320484,D
AY713418,D
U88824,D
AF484502,D
AF484504,D
AF484505,D
AF484511,D
AF484513,D
AF484514,D
AF484481,D
AF484483,D
AF484485,D
AF484486,D
AF484487,D
AF484489,D
AF484490,D
AF484494,D
AF484495,D
AF484497,D
AF484498,D
AF484499,D
AF484515,D
AF484519,D
MW006058,D
MW006078,D
MW006065,D
MW006081,D
MW006072,D
MW006073,D
MW006076,D
FJ900266,F
FJ900267,F
FJ900268,F
AF077336,F
AB485656,F
AB485657,F
AF005494,F
MG365763,F
FJ771006,F
FJ771008,F
FJ771009,F
FJ771010,F
MG365767,F
KJ849782,F
KT427774,F
MG365766,F
MG365768,F
MG365762,F
MG365764,F
MK041565,F
MH746263,F
AF377956,F
AY371167,F
AY371158,F
JF683771,F
AB485658,F
AB485659,F
AF084936,G
MH746255,G
AY371121,G
AY371147,G
KP718915,G
KP718923,G
KP718925,G
MH431770,G
AY535659,G
AB231893,G
AB287003,G
AB287004,G
AB480047,G
AB480048,G
AB485662,G
AB485663,G
U88825,G
U88826,G
DQ168573,G
DQ168576,G
JN248584,G
JN248591,G
JN248593,G
AF061642,G
AF414006,03_A6B
JF683800,A1B
AF193276,03_A6B
AF193277,03_A6B
MW063000,A1B
MW063001,A1B
MW063002,A1B
MW063003,A1B
MW063004,A1B
MW063005,A1B
AF067156,A1C
KT175205,A1C
KT175206,A1C
KT175207,A1C
KT175208,A1C
KT175209,A1C
KT175210,A1C
KT175211,A1C
KT175212,A1C
KT175213,A1C
KT175214,A1C
KT175215,A1C
DQ083238,A1C
KT175203,A1C
KC911635,A1C
AF539406,A1C
AF539404,A1C
AF457061,A1C
AF457087,A1C
U88823,A1C
GU201611,A1C
AF071474,A1C
MF373141,A1C
MF373155,A1C
MF373163,A1C
MF373194,A1C
MF373195,A1C
AF361876,A1C
AY253315,A1C
AY253318,A1C
AY253319,A1C
AY734552,A1C
AY734553,A1C
AY734554,A1C
AY734555,A1C
AY734562,A1C
AF484501,A1C
U86780,A2C
GQ365651,BC
JN692442,60_BC
AY727526,31_BC
AY727527,31_BC
GQ365650,BC
JN692478,BC
KT427790,BC
AY967803,BC
AY967804,BC
AY967807,BC
AF286226,07_BC
AF286229,08_BC
AF286230,07_BC
AY967805,BC
AB746344,08_BC
AB746345,08_BC
AB773884,08_BC
AB773885,08_BC
KC914396,08_BC
AB746342,08_BC
AB746343,08_BC
EF368370,07_BC
EF368372,07_BC
EF420986,07_BC
KC492737,07_BC
KC492738,07_BC
KC503852,07_BC
KC503854,07_BC
HM067748,08_BC
HM776938,BC
HM776939,57_BC
GU362013,BC
JX679207,57_BC
KJ184177,01BC
KP170487,01BC
KU992928,85_BC
KU992929,85_BC
KU992930,85_BC
KU992931,85_BC
KU992932,85_BC
KU992934,85_BC
KU992935,85_BC
KU992936,85_BC
KU992937,85_BC
MK258683,85_BC
KX159285,01BC
MG064457,01BC
MH051842,01BC
MW145181,BC
MW396823,01BC
FJ388961,BC
EU000515,BC
EU000516,BC
EU000506,BC
EU000507,BC
EU000508,BC
EU000509,BC
EU000510,BC
EU000511,BC
EU000512,BC
EU000513,BC
EU000514,BC
AB097868,01BC
AB097869,BC
AB097873,BC
AB097866,01BC
MF373189,BC
DQ230841,07_BC
JN235957,BC
